Country/Region,Confirmed,Deaths,Recovered,Active,Cluster
Afghanistan,36263,1269,25198,20311,0
Albania,4880,144,2745,1991,0
Algeria,27973,1163,18837,8114,0
Andorra,907,52,803,504,0
Angola,950,41,242,667,0
Antigua and Barbuda,86,3,65,44,0
Argentina,167416,3059,72575,91782,0
Armenia,37390,711,26665,12143,0
Australia,15303,167,9311,5825,0
Austria,20558,713,18246,9334,0
Azerbaijan,30446,423,23242,8651,0
Bahamas,382,11,91,280,0
Bahrain,39482,141,36110,5727,0
Bangladesh,226225,2965,125683,97577,0
Barbados,110,7,94,56,0
Belarus,67251,538,60492,25477,0
Belgium,66428,9822,17452,39154,0
Belize,48,2,26,20,0
Benin,1770,35,1036,929,0
Bhutan,99,0,86,48,0
Bolivia,71181,2647,21478,47056,0
Bosnia and Herzegovina,10498,294,4930,5274,0
Botswana,739,2,63,674,0
Brazil,2442375,87618,1846641,583080,2
Brunei,141,3,138,109,0
Bulgaria,10621,347,5585,4732,0
Burkina Faso,1100,53,926,321,0
Burma,350,6,292,131,0
Burundi,378,1,301,120,0
Cabo Verde,2328,22,1550,1080,0
Cambodia,226,0,147,88,0
Cameroon,17110,391,14539,4183,0
Canada,116458,8944,0,107514,0
Central African Republic,4599,59,1546,3095,0
Chad,922,75,810,400,0
Chile,347923,9187,319954,82961,3
China,86783,4656,78869,58739,0
Colombia,257101,8777,131161,117163,0
Comoros,354,7,328,104,0
Congo (Brazzaville),3200,54,829,2317,0
Congo (Kinshasa),8844,208,5700,5722,0
Costa Rica,15841,115,3824,11902,0
Cote d'Ivoire,15655,96,10361,6170,0
Croatia,4881,139,3936,1258,0
Cuba,2532,87,2351,849,0
Cyprus,1060,19,852,692,0
Czechia,15516,373,11428,5397,0
Denmark,13761,613,12605,3838,0
Djibouti,5059,58,4977,2390,0
Dominica,18,0,18,14,0
Dominican Republic,64156,1083,30204,33242,0
Ecuador,81161,5532,34896,40733,0
Egypt,92482,4652,34838,55230,0
El Salvador,15035,408,7778,6849,0
Equatorial Guinea,3071,51,842,2178,0
Eritrea,265,0,191,159,0
Estonia,2034,69,1923,1395,0
Eswatini,2316,34,1025,1257,0
Ethiopia,14547,228,6386,7933,0
Fiji,27,0,18,17,0
Finland,7398,329,6920,2865,0
France,220352,30212,81212,108928,3
Gabon,7189,49,4682,3143,0
Gambia,326,8,66,252,0
Georgia,1137,16,922,367,0
Germany,207112,9125,190314,72864,0
Ghana,33624,168,29801,8585,0
Greece,4227,202,1374,2651,0
Greenland,14,0,13,8,0
Grenada,23,0,23,14,0
Guatemala,45309,1761,32455,27377,0
Guinea,7055,45,6257,1686,0
Guinea-Bissau,1954,26,803,1401,0
Guyana,389,20,181,188,0
Haiti,7340,158,4365,5099,0
Holy See,12,0,12,10,0
Honduras,39741,1166,5039,33536,0
Hungary,4448,596,3329,2054,0
Iceland,1854,10,1823,1096,0
India,1480073,33408,951166,495499,3
Indonesia,100303,4838,58173,37598,0
Iran,293606,15912,255144,34887,3
Iraq,112585,4458,77144,30983,0
Ireland,25892,1764,23364,14888,0
Israel,63985,474,27133,36378,0
Italy,246286,35112,198593,108257,3
Jamaica,853,10,714,424,0
Japan,31142,998,21970,11525,0
Jordan,1223,11,1041,295,0
Kazakhstan,84648,585,54404,34497,0
Kenya,17975,285,7833,9857,0
Kosovo,7413,185,4027,3201,0
Kuwait,64379,438,55057,15831,0
Kyrgyzstan,33296,1301,21205,13002,0
Laos,20,0,19,19,0
Latvia,1219,31,1045,646,0
Lebanon,3882,51,1709,2122,0
Lesotho,505,12,128,365,0
Liberia,1167,72,646,558,0
Libya,2827,64,577,2186,0
Liechtenstein,86,1,83,46,0
Lithuania,2019,80,1620,1047,0
Luxembourg,6321,112,4825,2870,0
Madagascar,9690,91,6260,3631,0
Malawi,3664,99,1645,1993,0
Malaysia,8904,124,8601,2596,0
Maldives,3369,15,2547,1389,0
Mali,2513,124,1913,684,0
Malta,701,9,665,352,0
Mauritania,6208,156,4653,2968,0
Mauritius,344,10,332,286,0
Mexico,395489,44022,303810,53572,3
Moldova,23154,748,16154,6780,0
Monaco,116,4,104,86,0
Mongolia,289,0,222,141,0
Montenegro,2893,45,809,2040,0
Morocco,20887,316,16553,4261,0
Mozambique,1701,11,0,1690,0
Namibia,1843,8,101,1734,0
Nepal,18752,48,13754,10341,0
Netherlands,53413,6160,189,47064,0
New Zealand,1557,22,1514,929,0
Nicaragua,3439,108,2492,1198,0
Niger,1136,69,1027,511,0
Nigeria,41180,860,18203,22300,0
North Macedonia,10213,466,5564,4199,0
Norway,9132,255,8752,8042,0
Oman,77058,393,57028,23276,0
Pakistan,274289,5842,241026,108642,0
Panama,61442,1322,35086,25034,0
Papua New Guinea,62,1,11,51,0
Paraguay,4548,43,2905,1957,0
Peru,389717,18418,272547,107469,3
Philippines,82040,1945,26446,53649,0
Poland,43402,1676,32856,14494,0
Portugal,50299,1719,35375,24065,0
Qatar,109597,165,106328,35634,0
Romania,45902,2206,25794,17902,0
Russia,816680,13334,602249,245382,3
Rwanda,1879,5,975,899,0
Saint Kitts and Nevis,17,0,15,15,0
Saint Lucia,24,0,22,14,0
Saint Vincent and the Grenadines,52,0,39,21,0
San Marino,699,42,657,475,0
Sao Tome and Principe,865,14,734,487,0
Saudi Arabia,268934,2760,222936,63026,0
Senegal,9764,194,6477,3093,0
Serbia,24141,543,15564,23598,0
Seychelles,114,0,39,89,0
Sierra Leone,1783,66,1317,513,0
Singapore,50838,27,45692,20799,0
Slovakia,2181,28,1616,1022,0
Slovenia,2087,116,1733,1109,0
Somalia,3196,93,1543,1953,0
South Africa,452529,7067,274925,173590,3
South Korea,14203,300,13007,7577,0
South Sudan,2305,46,1175,1774,0
Spain,272421,28752,150376,101617,3
Sri Lanka,2805,11,2121,947,0
Sudan,11424,720,5939,4778,0
Suriname,1483,24,925,534,0
Sweden,79395,5700,0,73695,0
Switzerland,34477,1978,30900,14349,0
Syria,674,40,0,634,0
Taiwan*,462,7,440,314,0
Tajikistan,7235,60,6028,1895,0
Tanzania,509,21,183,305,0
Thailand,3297,58,3111,1451,0
Timor-Leste,24,0,0,24,0
Togo,874,18,607,251,0
Trinidad and Tobago,148,8,128,100,0
Tunisia,1455,50,1157,798,0
Turkey,227019,5630,210469,80808,0
US,4290259,148011,1325804,2816444,1
Uganda,1128,2,1023,546,0
Ukraine,67096,1636,37202,28258,0
United Arab Emirates,59177,345,52510,17173,0
United Kingdom,301708,45844,1437,254427,3
Uruguay,1202,35,951,319,0
Uzbekistan,21209,121,11674,9414,0
Venezuela,15988,146,9959,7807,0
Vietnam,431,0,365,163,0
West Bank and Gaza,10621,78,3752,7382,0
Western Sahara,10,1,8,6,0
Yemen,1691,483,833,580,0
Zambia,4552,140,2815,2236,0
Zimbabwe,2704,36,542,2126,0
